dataset,num_classes,num_train_samples,num_test_samples,vae_best_acc,vae_best_f1,classifier_best_acc,classifier_best_f1,vae_augmented_step_0_best_acc,vae_augmented_step_0_best_f1,classifier_augmented_step_0_best_acc,classifier_augmented_step_0_best_f1,vae_augmented_step_1_best_acc,vae_augmented_step_1_best_f1,classifier_augmented_step_1_best_acc,classifier_augmented_step_1_best_f1,vae_augmented_step_2_best_acc,vae_augmented_step_2_best_f1,classifier_augmented_step_2_best_acc,classifier_augmented_step_2_best_f1,vae_augmented_step_3_best_acc,vae_augmented_step_3_best_f1,classifier_augmented_step_3_best_acc,classifier_augmented_step_3_best_f1,vae_augmented_step_4_best_acc,vae_augmented_step_4_best_f1,classifier_augmented_step_4_best_acc,classifier_augmented_step_4_best_f1,vae_augmented_step_5_best_acc,vae_augmented_step_5_best_f1,classifier_augmented_step_5_best_acc,classifier_augmented_step_5_best_f1,execution_time
MiddlePhalanxOutlineAgeGroup,3,400,154,0.6233766078948975,0.5006936702588877,0.6493506493506493,0.5822401298858698,0.6233766078948975,0.5349263883295298,0.6623376623376623,0.5910257388230956,0.6298701167106628,0.47064880666695763,0.6558441558441559,0.5915989764507633,0.6168830990791321,0.4900326797385621,0.6623376623376623,0.5948599020027593,0.6233766078948975,0.39613225202744856,0.6558441558441559,0.5866525448592317,0.5974025726318359,0.45729352346999413,0.6558441558441559,0.5934365475541946,0.6168830990791321,0.39098328572012786,0.6493506493506493,0.5822401298858698,661.3700656890869
Plane,7,105,105,0.9904762506484985,0.9907834101382489,1.0,1.0,0.9904762506484985,0.9907448872966115,1.0,1.0,1.0,1.0,1.0,1.0,0.9809524416923523,0.9815476190476191,1.0,1.0,0.9809524416923523,0.9829788130830617,1.0,1.0,0.9904762506484985,0.9919073845116332,1.0,1.0,0.9904762506484985,0.9907448872966115,1.0,1.0,142.61412382125854
DistalPhalanxOutlineCorrect,2,600,276,0.782608687877655,0.7769396551724138,0.7934782608695652,0.7871114512905557,0.7681159377098083,0.7649563551202896,0.7934782608695652,0.7904150567119531,0.77173912525177,0.7583355339050187,0.7898550724637681,0.785461389385808,0.782608687877655,0.7637390857729841,0.7971014492753623,0.7943187892864385,0.79347825050354,0.7849380049486678,0.7971014492753623,0.79385867554569,0.782608687877655,0.775232097290841,0.7971014492753623,0.795904995904996,0.782608687877655,0.7685599284436494,0.7862318840579711,0.7830611990527233,1458.7679941654205
Meat,3,60,60,1.0,1.0,0.9166666666666666,0.9174692516155931,1.0,1.0,0.9,0.8995413800291849,0.98333340883255,0.9833229101521784,0.9,0.8994708994708994,0.9333333969116211,0.9341229341229341,0.85,0.8495205336668751,0.9666666984558105,0.9666666666666667,0.8333333333333334,0.8335472828412496,0.9500000476837158,0.9499164578111946,0.8666666666666667,0.8661952650324742,0.98333340883255,0.9833229101521784,0.9166666666666666,0.915993265993266,237.21277117729187
HandOutlines,2,1000,370,0.9324324727058411,0.9249255342461307,0.9054054054054054,0.9046303959178262,0.9216216206550598,0.9125787239589698,0.8864864864864865,0.885442085939245,0.9216216206550598,0.9144685973009382,0.8891891891891892,0.8882813209323106,0.9378378391265869,0.9316899316899316,0.8891891891891892,0.8894541926673198,0.916216254234314,0.9082539454002991,0.8756756756756757,0.873727082184225,0.9297297596931458,0.9226414487439287,0.845945945945946,0.8469759847824364,0.9297297596931458,0.9214693877551021,0.8972972972972973,0.8969430256216803,7476.081648111343
MedicalImages,10,381,760,0.7394737005233765,0.6553671566916989,0.7447368421052631,0.7278096634999727,0.7500000596046448,0.6978291845583665,0.7513157894736842,0.7467982456986272,0.753947377204895,0.6940087359338035,0.7526315789473684,0.7443640016255474,0.7394737005233765,0.6733221527942808,0.7473684210526316,0.731789762418934,0.7381579279899597,0.6577795126702942,0.7578947368421053,0.7541298527036835,0.736842155456543,0.671436065478741,0.7592105263157894,0.7517741034793625,0.732894778251648,0.6599509715655367,0.7552631578947369,0.7382175111904549,998.0337517261505
Wine,2,57,54,0.8703703880310059,0.8681548657132891,0.7962962962962963,0.7945347630577655,0.7592592835426331,0.7551447506103941,0.6851851851851852,0.6824628156347285,0.7592592835426331,0.7523809523809524,0.6851851851851852,0.6842105263157895,0.7777777910232544,0.775,0.6851851851851852,0.6850771869639795,0.7777777910232544,0.7662337662337663,0.6666666666666666,0.6662087912087913,0.8333333134651184,0.8304848273456574,0.6851851851851852,0.6588628762541807,0.8518518805503845,0.8500000000000001,0.6666666666666666,0.6662087912087913,151.69978022575378
Ham,2,109,105,0.761904776096344,0.7618183467924871,0.6952380952380952,0.6915885882724497,0.7523809671401978,0.7523584905660378,0.6666666666666666,0.6602284334664315,0.7428571581840515,0.7367443588076887,0.6952380952380952,0.6791208791208792,0.7809523940086365,0.7789473684210526,0.6952380952380952,0.693734335839599,0.7142857313156128,0.6870031796502385,0.6952380952380952,0.6901587301587302,0.7714285850524902,0.7712418300653594,0.6761904761904762,0.6735771931663348,0.7714285850524902,0.7619047619047619,0.7047619047619048,0.7047619047619048,225.0573251247406
Haptics,5,155,308,0.48376622796058655,0.4545382108543068,0.4577922077922078,0.42541471682030907,0.49025973677635193,0.46823296650435564,0.4512987012987013,0.4087768116002751,0.48051947355270386,0.4744031151546501,0.4707792207792208,0.47050536510105906,0.47727271914482117,0.45255296709804077,0.474025974025974,0.4639743094377473,0.4740259647369385,0.4709051962786477,0.4675324675324675,0.4444629596325563,0.4740259647369385,0.4741711773746703,0.4577922077922078,0.4345087191698743,0.48051947355270386,0.4601707383525565,0.5227272727272727,0.514462269642324,683.4941291809082
GunPointOldVersusYoung,2,136,315,1.0,1.0,1.0,1.0,1.0,1.0,1.0,1.0,1.0,1.0,1.0,1.0,1.0,1.0,1.0,1.0,1.0,1.0,1.0,1.0,1.0,1.0,1.0,1.0,1.0,1.0,1.0,1.0,250.63688683509827
HouseTwenty,2,40,119,0.7899159789085388,0.7877577227652137,0.957983193277311,0.9577804361490154,0.7815126180648804,0.7779850746268657,0.9663865546218487,0.9662836563196706,0.7647058963775635,0.7645562464669304,0.957983193277311,0.9579221267752795,0.756302535533905,0.7459698196540302,0.9663865546218487,0.9662836563196706,0.7647058963775635,0.7571428571428571,0.957983193277311,0.9579221267752795,0.7478991746902466,0.7295454545454545,0.9327731092436975,0.9320281304010966,0.756302535533905,0.7505962275059623,0.9243697478991597,0.9233490058982435,164.00590133666992
Herring,2,64,64,0.71875,0.7046153846153846,0.609375,0.6104559748427673,0.75,0.7374358974358974,0.625,0.5092857142857142,0.6875,0.6363636363636364,0.640625,0.5578026272031925,0.734375,0.722943722943723,0.640625,0.5578026272031925,0.703125,0.6590972806279787,0.65625,0.5981695869837297,0.71875,0.6883116883116883,0.640625,0.5578026272031925,0.6875,0.6717948717948719,0.65625,0.5981695869837297,201.43841123580933
InsectEPGSmallTrain,3,17,249,0.9999999403953552,1.0,1.0,1.0,0.9999999403953552,1.0,1.0,1.0,0.9999999403953552,1.0,1.0,1.0,0.9999999403953552,1.0,1.0,1.0,0.9999999403953552,1.0,1.0,1.0,0.9999999403953552,1.0,1.0,1.0,0.9999999403953552,1.0,1.0,1.0,37.96449899673462
InsectEPGRegularTrain,3,62,249,0.9999999403953552,1.0,1.0,1.0,0.9999999403953552,1.0,1.0,1.0,0.9999999403953552,1.0,1.0,1.0,0.9999999403953552,1.0,1.0,1.0,0.9999999403953552,1.0,1.0,1.0,0.6425702571868896,0.5753846153846154,1.0,1.0,0.6425702571868896,0.5753846153846154,1.0,1.0,142.86130619049072
InsectWingbeatSound,11,220,1980,0.6085858941078186,0.603767743444995,0.49696969696969695,0.4877448727526568,0.6085858941078186,0.6003721656849856,0.4888888888888889,0.47675489284917183,0.6141414642333984,0.6140834444974287,0.49696969696969695,0.48732390736972087,0.6202020645141602,0.6147664737401461,0.49646464646464644,0.4763209177768094,0.599494993686676,0.6006784091244556,0.48737373737373735,0.47664063649102006,0.6015151739120483,0.5983702627326112,0.49444444444444446,0.4797005642225495,0.6030303239822388,0.600059902422903,0.4823232323232323,0.4642876867467257,537.4217495918274
InlineSkate,7,100,550,0.2963636517524719,0.2921276440669465,0.3981818181818182,0.3919553804398511,0.2890909016132355,0.28739750049898305,0.38181818181818183,0.3714466251480816,0.2709091007709503,0.24819556317392566,0.3563636363636364,0.31805437407652953,0.290909081697464,0.28239842367959994,0.33636363636363636,0.3258235349212633,0.2963636517524719,0.29549763678277635,0.35454545454545455,0.32617331984446113,0.2890909016132355,0.28462757648106973,0.33090909090909093,0.32713666398745006,0.2890909016132355,0.2762642374005428,0.3472727272727273,0.3317265254701062,478.9172885417938
ItalyPowerDemand,2,67,1029,0.9708454608917236,0.9708454535151676,0.966958211856171,0.966958211856171,0.9718173146247864,0.9718120805369128,0.9611273080660836,0.9611253254398373,0.9708454608917236,0.9708447926740813,0.9698736637512148,0.9698716719103987,0.966958224773407,0.9669574316972921,0.9718172983479106,0.9718171918800745,0.967930018901825,0.967920212901635,0.9650145772594753,0.9650102812122044,0.9601554870605469,0.9601554907677357,0.9630709426627794,0.9630690591678455,0.9689018726348877,0.9689011121856866,0.9708454810495627,0.9708453709119821,213.9787039756775
LargeKitchenAppliances,3,375,375,0.4399999976158142,0.414594170223717,0.8613333333333333,0.8611975184835388,0.47999998927116394,0.44607251879979143,0.824,0.8220522757433223,0.5013333559036255,0.5007936507936508,0.8293333333333334,0.8290137920304155,0.4906666576862335,0.47584239626218633,0.7733333333333333,0.7739245693585881,0.4266666769981384,0.412639312520139,0.7466666666666667,0.7472954926371075,0.46933332085609436,0.469642766267937,0.7413333333333333,0.7422178780223992,0.47999998927116394,0.47463965700076,0.7093333333333334,0.7122962095511539,1629.0385065078735
Lightning7,7,70,73,0.7397260069847107,0.7080627643033657,0.726027397260274,0.7137679324406923,0.7123287916183472,0.7100606324401105,0.7534246575342466,0.7586989112306279,0.698630154132843,0.6865847013569261,0.6986301369863014,0.6965560915551554,0.7397260069847107,0.7186048359499227,0.7808219178082192,0.7837205286702129,0.6712328791618347,0.655534941249227,0.726027397260274,0.7102919678263949,0.6712328791618347,0.6586472938875685,0.7671232876712328,0.7660634812213133,0.6849315166473389,0.6788988718016852,0.7534246575342466,0.7465289645813213,207.82980346679688
Lightning2,2,60,61,0.7704917788505554,0.7458333333333333,0.7704918032786885,0.7696167720275724,0.7704917788505554,0.7511655011655012,0.7868852459016393,0.785486625694267,0.7704917788505554,0.7595720720720721,0.8360655737704918,0.8344442442803099,0.7540982961654663,0.7441990494828068,0.819672131147541,0.8184886832797643,0.7540982961654663,0.7404255319148936,0.7868852459016393,0.7839424848674174,0.7540982961654663,0.7359307359307359,0.7868852459016393,0.785486625694267,0.7540982961654663,0.7306446864880778,0.7868852459016393,0.785486625694267,181.9255223274231
Mallat,8,55,2345,0.8562899231910706,0.8423476352453946,0.9321961620469084,0.9311831049879057,0.8993602991104126,0.9003299515818528,0.9194029850746268,0.9158590079433561,0.8541577458381653,0.851074966514697,0.9356076759061833,0.9354687077557119,0.829424262046814,0.8300918532830881,0.7914712153518124,0.7435186668988705,0.8341150879859924,0.8292444868413191,0.7982942430703625,0.7564337951077097,0.8720682263374329,0.871481479342489,0.835820895522388,0.8015524878612601,0.8392323851585388,0.8407817956314587,0.8072494669509594,0.7657319960178919,1012.8179190158844
MiddlePhalanxOutlineCorrect,2,600,291,0.8522337079048157,0.8461207373611914,0.7972508591065293,0.7920919772171853,0.838487982749939,0.8285682054624535,0.7903780068728522,0.7902718269132378,0.838487982749939,0.8297292250233427,0.8041237113402062,0.8017486357641451,0.8453608155250549,0.8346695284388612,0.7938144329896907,0.7945779008082908,0.8419244289398193,0.8319186338523354,0.7938144329896907,0.791870143695604,0.8419244289398193,0.8365008794215361,0.7938144329896907,0.7911177695393835,0.838487982749939,0.833970647146655,0.7869415807560137,0.7862130610859825,2175.853606700897
MiddlePhalanxTW,6,399,154,0.6233766078948975,0.420905196193694,0.6168831168831169,0.5662554867135423,0.6363636255264282,0.39286802775174867,0.6233766233766234,0.5705869786666632,0.6233766078948975,0.3840280977439354,0.6233766233766234,0.5694512694512694,0.6363636255264282,0.4660186909994081,0.6298701298701299,0.5700171330843481,0.6363636255264282,0.4402686879597859,0.6233766233766234,0.5622079265308585,0.6298701167106628,0.39213495809883653,0.6168831168831169,0.5518837648561857,0.6233766078948975,0.4240321443997363,0.6168831168831169,0.5607589055332143,475.5644602775574
MixedShapesRegularTrain,5,500,2425,0.9010308980941772,0.9053051257533395,0.9381443298969072,0.9382413678467815,0.8960824608802795,0.8892243391241206,0.9311340206185567,0.9313540436978258,0.8861855268478394,0.8818847399565565,0.9245360824742268,0.9243369530887258,0.8824741840362549,0.8798820412430359,0.9212371134020618,0.921028663886424,0.7752577066421509,0.6997028683435011,0.9072164948453608,0.9065994674928549,0.8424742221832275,0.8348463129982274,0.9072164948453608,0.9069856858711492,0.8701030611991882,0.8674299690233003,0.9101030927835052,0.9094376552708782,2938.5670499801636
MixedShapesSmallTrain,5,100,2425,0.8548453450202942,0.8576932873577684,0.8746391752577319,0.8736771031500578,0.8041236996650696,0.8069906849522447,0.8630927835051546,0.8630744521590314,0.7839174866676331,0.7911299723781979,0.8107216494845361,0.8099340943586792,0.8148453235626221,0.819027476316373,0.8375257731958763,0.8357953682615437,0.7785567045211792,0.79169835779001,0.8334020618556701,0.8309917782259152,0.7950515151023865,0.7903166211120607,0.8465979381443299,0.8459814576741511,0.7962886691093445,0.8003352368920533,0.8408247422680413,0.8394095218370619,952.1152758598328
MoteStrain,2,20,1252,0.8809903860092163,0.8799419493311623,0.8865814696485623,0.8862771875196228,0.8833865523338318,0.8813507394483218,0.902555910543131,0.9021857511236797,0.8873801827430725,0.8862826314518077,0.9017571884984026,0.9018829826090239,0.8769968152046204,0.8756975604724329,0.9009584664536742,0.9009187655521879,0.8841853141784668,0.8826975303416917,0.8961661341853036,0.8962772996530688,0.8753993511199951,0.8751671366519492,0.8857827476038339,0.8857754885127317,0.8753993511199951,0.8742440944070713,0.8730031948881789,0.8730931348730462,66.24812412261963
NonInvasiveFetalECGThorax1,42,1800,1965,0.9104325771331787,0.9095170967387725,0.889058524173028,0.8875720205075527,0.9119592905044556,0.9115396885760413,0.8966921119592876,0.89666173618974,0.9165394306182861,0.9163133770015923,0.8987277353689568,0.8976927007167457,0.9195928573608398,0.9171640345161853,0.8997455470737914,0.8976747174609413,0.9165394306182861,0.9147689451819457,0.8875318066157761,0.887470061017466,0.9083969593048096,0.9066039976558264,0.8951653944020356,0.8932459330896356,0.9114503860473633,0.9100354511201464,0.8895674300254452,0.8892719972584444,6676.654637336731
NonInvasiveFetalECGThorax2,42,1800,1965,0.9302799105644226,0.9281321983634708,0.9185750636132316,0.9178049691010318,0.9282442927360535,0.925373804040598,0.9180661577608142,0.9182315142828092,0.925699770450592,0.9225326826205292,0.9292620865139949,0.9285882562880088,0.9358778595924377,0.933031002841931,0.9211195928753181,0.9205598388071448,0.9287531971931458,0.9250881860266624,0.9206106870229007,0.9191957770321728,0.9318066239356995,0.9285391740165284,0.9195928753180661,0.918806591257407,0.929262101650238,0.9262485487089533,0.9139949109414758,0.9142235310506078,6850.011153936386
OliveOil,4,30,30,0.9000000357627869,0.8735087719298245,0.8,0.7843434343434343,0.9000000357627869,0.8735087719298245,0.7666666666666667,0.7381159420289855,0.9000000357627869,0.8735087719298245,0.8,0.7896135265700485,0.8666667342185974,0.7949999999999999,0.7333333333333333,0.6475641025641025,0.9000000357627869,0.8735087719298245,0.7333333333333333,0.7029417989417989,0.9000000357627869,0.8735087719298245,0.7333333333333333,0.7140000000000001,0.9000000357627869,0.8565002249212774,0.7666666666666667,0.7609126984126983,72.35310006141663
OSULeaf,6,200,242,0.5619834661483765,0.5502371896095891,0.7892561983471075,0.7825182951530689,0.5702478885650635,0.5695523035219995,0.7892561983471075,0.769765916130792,0.5289255976676941,0.5206178141018022,0.7768595041322314,0.7697701570056056,0.5454545021057129,0.5391614879526146,0.7768595041322314,0.7704279878404204,0.5247933864593506,0.48527861903625297,0.7933884297520661,0.7839420575214112,0.5206611156463623,0.5016670551067802,0.7231404958677686,0.6871885412604587,0.5454545021057129,0.5048411761767048,0.731404958677686,0.6975517982336474,507.29122281074524
PhalangesOutlinesCorrect,2,1800,858,0.8438228368759155,0.8319565026747346,0.8275058275058275,0.826999184175362,0.8414918780326843,0.8296744359848662,0.8193473193473193,0.8199516326038391,0.8286713361740112,0.8070863191061418,0.824009324009324,0.8224814595793015,0.825174868106842,0.8128718572068325,0.8135198135198135,0.8139153311567106,0.825174868106842,0.8097920866414041,0.8263403263403264,0.8264825435915772,0.811188817024231,0.7879568212744925,0.8158508158508159,0.8123643312262239,0.825174868106842,0.8111263736263736,0.8158508158508159,0.8139068803275445,5754.500865936279
PigArtPressure,52,104,208,0.125,0.06325909327221171,0.6923076923076923,0.6325854700854701,0.13461539149284363,0.08380161505161506,0.7019230769230769,0.6507827642443027,0.11538462340831757,0.08804452126820549,0.6298076923076923,0.5899672976596053,0.17788462340831757,0.1296673600406632,0.6875,0.6475791302714379,0.12980769574642181,0.10399296216603908,0.7211538461538461,0.6781590204667126,0.12019231170415878,0.07127023617408232,0.7596153846153846,0.7234088561011637,0.12980769574642181,0.08432295771096676,0.5673076923076923,0.49364004191939415,617.6040604114532
PowerCons,2,180,180,1.0,1.0,0.9444444444444444,0.9444169960474309,1.0,1.0,0.9611111111111111,0.9611099107997161,1.0,1.0,0.9388888888888889,0.9388416988416989,1.0,1.0,0.9444444444444444,0.9443826473859843,1.0,1.0,0.95,0.9499861072520144,1.0,1.0,0.95,0.9499984567424921,1.0,1.0,0.9277777777777778,0.9277755486280439,474.2251434326172
ProximalPhalanxOutlineAgeGroup,3,400,205,0.8634146451950073,0.7650822811788934,0.8780487804878049,0.87342544463696,0.8634146451950073,0.7378699774739378,0.8682926829268293,0.8633352689075123,0.8634146451950073,0.7928906389377374,0.8829268292682927,0.8796301259715894,0.8585366010665894,0.7826313809105732,0.8975609756097561,0.8962950916227489,0.8585366010665894,0.6631867259082967,0.8682926829268293,0.8633352689075123,0.8536585569381714,0.5933447305254796,0.8682926829268293,0.8692760834908041,0.8682926893234253,0.7968804632401225,0.8829268292682927,0.8809756097560976,951.6966586112976
ProximalPhalanxOutlineCorrect,2,600,291,0.893470823764801,0.8733450333450333,0.8934707903780069,0.8936245393904643,0.907216489315033,0.8882059162504802,0.9003436426116839,0.8985154990797359,0.9037801027297974,0.8852265043948614,0.9037800687285223,0.9025412317271543,0.9037801027297974,0.8852265043948614,0.9037800687285223,0.8997666624241654,0.9140893816947937,0.8950292186710915,0.8831615120274914,0.8777210468884872,0.907216489315033,0.8840825600094422,0.865979381443299,0.8579930201894252,0.8969072103500366,0.8707049763033176,0.8934707903780069,0.8892780657273791,1806.1361413002014
RefrigerationDevices,3,375,375,0.41333332657814026,0.4036094798907204,0.5706666666666667,0.560309318493975,0.4026666581630707,0.38524375159279217,0.56,0.5421617203009526,0.41333332657814026,0.39402433298756545,0.568,0.5534686752049317,0.41600000858306885,0.38450870114889835,0.5813333333333334,0.5637518037518038,0.3733333349227905,0.30806291765771887,0.576,0.5637652312143353,0.41333332657814026,0.35384453268208854,0.584,0.572575021277764,0.37599998712539673,0.32610767931889095,0.5866666666666667,0.5678207116274259,742.1414983272552
ProximalPhalanxTW,6,400,205,0.8341463208198547,0.5638604933414889,0.8341463414634146,0.7942163647973383,0.8341463208198547,0.5520298938209386,0.8341463414634146,0.7944746917254993,0.8341463208198547,0.5982802411722783,0.8341463414634146,0.789830007390983,0.8390243649482727,0.5758932355042194,0.8341463414634146,0.7873292518160236,0.8292682766914368,0.5259704324452527,0.8195121951219512,0.7802362422568629,0.8341463208198547,0.5801173758490831,0.8292682926829268,0.7900845302616262,0.8195121884346008,0.5297307605624035,0.8341463414634146,0.7920535201023005,615.4302234649658
Rock,4,20,50,0.85999995470047,0.8389110889110889,0.5,0.34857142857142853,0.7400000095367432,0.7142540526849037,0.46,0.31866819747416764,0.7799999713897705,0.7790034846829978,0.5,0.34857142857142853,0.7599999904632568,0.7133699633699633,0.48,0.3444155844155844,0.5999999642372131,0.5057679738562091,0.4,0.30556331006979065,0.5799999833106995,0.5219988344988344,0.5,0.34947115384615385,0.5999999642372131,0.4732523444160273,0.48,0.34352941176470586,62.88053607940674
ScreenType,3,375,375,0.4880000054836273,0.47209043814398033,0.528,0.5272929684694391,0.4506666660308838,0.428958678175747,0.47733333333333333,0.4735833551883907,0.4373333156108856,0.3978723048808945,0.5173333333333333,0.5070145414694924,0.4586666524410248,0.3964555046354376,0.4746666666666667,0.4718991168529652,0.4479999840259552,0.43800850759457494,0.488,0.48123156690682695,0.45333331823349,0.4263048272482235,0.49866666666666665,0.49472775713910466,0.445333331823349,0.4427302028297702,0.4746666666666667,0.4660347551342811,1033.5576677322388
SemgHandGenderCh2,2,300,600,0.8700000047683716,0.8618180959242243,0.745,0.7366545454545455,0.8633333444595337,0.8501443731039608,0.725,0.7201538068617157,0.875,0.861230606977325,0.7233333333333334,0.7050532492936319,0.8816666603088379,0.8706641366223908,0.71,0.7028033088235294,0.875,0.8660614629064662,0.6916666666666667,0.6738898452679372,0.8766666650772095,0.8632398600364694,0.6983333333333334,0.6697194559273629,0.8683333396911621,0.8531375580555909,0.7066666666666667,0.6988901547638858,1085.6267738342285
SemgHandMovementCh2,6,450,450,0.5200000405311584,0.5072709204562765,0.4,0.3863874357106801,0.47777777910232544,0.43271788442483144,0.3977777777777778,0.3714861941887471,0.5022222399711609,0.4882794952450058,0.42,0.38486996531572737,0.46000000834465027,0.4360450402725052,0.3933333333333333,0.3709799654898651,0.5444444417953491,0.5018210180836588,0.3711111111111111,0.3456608718094407,0.47111111879348755,0.4290590175225302,0.34,0.29560991187037505,0.47777777910232544,0.4465354969563186,0.36,0.3265019717424515,1140.994579076767
SemgHandSubjectCh2,5,450,450,0.7555555701255798,0.7561450265659779,0.4822222222222222,0.4664363636274652,0.7755555510520935,0.7798390631864983,0.45111111111111113,0.445064271758966,0.746666669845581,0.7493465839617118,0.4666666666666667,0.46009068405679904,0.7288889288902283,0.7283365751159451,0.4488888888888889,0.43221941427975485,0.7444444894790649,0.7432168248727076,0.43333333333333335,0.41220310572165003,0.7133333683013916,0.7146149808154899,0.43777777777777777,0.42068676746673267,0.7777777910232544,0.7758415934984658,0.44666666666666666,0.43879553496258,1518.7309465408325
ShapeletSim,2,20,180,0.5166666507720947,0.4953433663111082,0.9944444444444445,0.9944442729713879,0.550000011920929,0.5493184136502736,1.0,1.0,0.5388889312744141,0.5081481481481481,1.0,1.0,0.5833333730697632,0.5669607056936649,0.9944444444444445,0.9944442729713879,0.5611111521720886,0.5476955373898661,0.9944444444444445,0.9944442729713879,0.5888888835906982,0.5888381281639709,0.9944444444444445,0.9944442729713879,0.5444444417953491,0.5375360320842211,1.0,1.0,63.64328908920288
ShapesAll,60,600,600,0.6116666793823242,0.6011659145637852,0.7583333333333333,0.743711436929333,0.5633333325386047,0.5455144032966082,0.7383333333333333,0.7202588328551968,0.5716666579246521,0.5591706249113714,0.7316666666666667,0.711357546554385,0.5983333587646484,0.5810714398870948,0.7383333333333333,0.7269326412022296,0.49166667461395264,0.49414032429435123,0.7466666666666667,0.7256428992404225,0.574999988079071,0.5694880531751577,0.755,0.7396157119966265,0.5133333206176758,0.4979695331430278,0.7533333333333333,0.7361248704664596,1991.1154158115387
SmallKitchenAppliances,3,375,375,0.5759999752044678,0.5352488756492964,0.7226666666666667,0.7192648870068226,0.5706666707992554,0.5662550296893171,0.7573333333333333,0.7566262923809292,0.562666654586792,0.566852335867719,0.7626666666666667,0.7625355163733832,0.5519999861717224,0.5197811706307923,0.736,0.7279345831203332,0.5573333501815796,0.5244708994708994,0.736,0.7311558875895129,0.543999969959259,0.5325795975459443,0.736,0.7275361280507077,0.543999969959259,0.5081569664902998,0.7333333333333333,0.7304008673152654,1116.0927047729492
SmoothSubspace,3,150,150,0.9266666769981384,0.9263824341617836,1.0,1.0,0.9200000166893005,0.9195811657996532,1.0,1.0,0.9333333373069763,0.9331966529986332,0.9933333333333333,0.9933326665999933,0.893333375453949,0.8918663761801017,0.9933333333333333,0.9933326665999933,0.8733333349227905,0.870736779560309,0.9866666666666667,0.986730045553575,0.9066666960716248,0.9062744964611683,0.9933333333333333,0.9933326665999933,0.8799999952316284,0.8799999999999999,0.9933333333333333,0.9933326665999933,280.3221378326416
SonyAIBORobotSurface1,2,20,601,0.8951746821403503,0.8943840534230412,0.9334442595673876,0.933475441838696,0.8951746821403503,0.8929834230720313,0.9151414309484193,0.9154165370428214,0.9334442615509033,0.932447621616761,0.9201331114808652,0.9204239628408302,0.9317803382873535,0.9295038865699483,0.9234608985024958,0.9235936083319294,0.9484192728996277,0.9477896565735824,0.9118136439267887,0.912045493611732,0.9367719888687134,0.9357718181204582,0.9201331114808652,0.9204601930652673,0.9184691905975342,0.9176484405804235,0.9068219633943427,0.9068219633943427,68.29591584205627
SonyAIBORobotSurface2,2,27,953,0.8331583738327026,0.8259456702654459,0.8856243441762854,0.8847114584474944,0.8321090936660767,0.8103199482509827,0.8467995802728226,0.8485652593215602,0.8426022529602051,0.8352746229580736,0.8625393494228751,0.86066190087197,0.8132213354110718,0.8111837828692532,0.8730325288562435,0.8732553530079432,0.8258131742477417,0.823417659350276,0.863588667366212,0.8642837645684809,0.8153200149536133,0.8096128874077169,0.8478488982161595,0.8449225240933552,0.8352570533752441,0.8304787284063497,0.8583420776495279,0.8589150754723652,84.84027910232544
StarLightCurves,3,1000,8236,0.9373481869697571,0.9107467971885627,0.9528897523069452,0.9519308048261642,0.951918363571167,0.9293009555377179,0.9567751335599806,0.9560474012809663,0.9452403783798218,0.9192233279818036,0.9587178241864983,0.9583941437724316,0.9323700666427612,0.9046382328083536,0.9634531325886353,0.962925171154013,0.9456046223640442,0.9240769139776477,0.9561680427391938,0.9557958987009596,0.941840648651123,0.9156229739535805,0.9596891694997571,0.9587803841668172,0.9390480518341064,0.9116695011937309,0.9656386595434677,0.9652015960107926,9812.812723636627
Strawberry,2,613,370,0.978378415107727,0.9764451235039471,0.9756756756756757,0.9756549289083905,0.978378415107727,0.9762820512820513,0.9702702702702702,0.9702449131102551,0.9837837815284729,0.9823338426279603,0.9702702702702702,0.9702449131102551,0.978378415107727,0.9764451235039471,0.9648648648648649,0.9651054541846833,0.9837837815284729,0.9823926905872276,0.972972972972973,0.9730601459035558,0.9837837815284729,0.9823926905872276,0.9675675675675676,0.9678114128037376,0.9756757020950317,0.9737999512191284,0.9702702702702702,0.9703887677604913,3267.676623106003
SwedishLeaf,15,500,625,0.871999979019165,0.8721657253560701,0.9312,0.9309005892175365,0.8863999843597412,0.8840587334596909,0.9296,0.9290883441990958,0.8831999897956848,0.8838524636805528,0.9344,0.9344686829041681,0.8831999897956848,0.8818013044672942,0.92,0.9190997646274127,0.8671999573707581,0.8676924292785954,0.9312,0.9308318985466197,0.871999979019165,0.8715627349814561,0.9248,0.9241017376641308,0.892799973487854,0.8916756242035677,0.928,0.9274691286354031,1410.3824381828308
Symbols,6,25,995,0.8663316369056702,0.8619108043506692,0.8160804020100503,0.8169367112587774,0.8572863936424255,0.8550294348864845,0.8884422110552764,0.8886695744278692,0.8412060141563416,0.8397637081298758,0.8673366834170855,0.8669233915173007,0.8693467378616333,0.8661990300387531,0.8683417085427135,0.8685866101091408,0.8633165955543518,0.8565183620125283,0.8552763819095477,0.8569396126856832,0.8703517317771912,0.86975843176093,0.8301507537688442,0.8288661919362893,0.8321607708930969,0.821826035319375,0.8462311557788945,0.8474501081997283,192.58269882202148
SyntheticControl,6,300,300,0.9700000286102295,0.9699963125564257,0.9866666666666667,0.9866639989329065,0.9566667079925537,0.9567081329952597,0.99,0.9899969988995697,0.9300000071525574,0.9301293756340069,0.9866666666666667,0.9866653331999866,0.9500000476837158,0.9502730222896977,0.9933333333333333,0.9933326665999933,0.9366666674613953,0.9366630622557675,0.9966666666666667,0.9966663332999967,0.9433333277702332,0.9435438310454339,0.9866666666666667,0.9866259114288221,0.9466667175292969,0.9469641184314043,0.99,0.9899996666333299,426.7934100627899
ToeSegmentation1,2,40,228,0.6447368264198303,0.6340288924558588,0.9122807017543859,0.9121721718462567,0.6315789222717285,0.6241758241758242,0.9298245614035088,0.9298245614035088,0.6447368264198303,0.6439079883539325,0.9122807017543859,0.9120086195637978,0.6491228342056274,0.6486902927580893,0.9298245614035088,0.9296068956510382,0.6315789222717285,0.6292682926829268,0.9210526315789473,0.9210526315789473,0.6359649300575256,0.6322223301914294,0.9342105263157895,0.9341940202237718,0.6271929740905762,0.6271284271284272,0.9429824561403509,0.9430208636161508,165.48644375801086
ToeSegmentation2,2,36,130,0.8230769038200378,0.6376196824627318,0.8769230769230769,0.8724682724682725,0.8384615182876587,0.7178294573643411,0.8923076923076924,0.8834965034965037,0.8153846263885498,0.6454545454545455,0.8846153846153846,0.8792362925896309,0.807692289352417,0.7117516629711751,0.8769230769230769,0.8668531468531468,0.8307692408561707,0.6609767662399242,0.8538461538461538,0.8119788257719293,0.8153846263885498,0.7028571428571428,0.8538461538461538,0.8399582318134354,0.7615384459495544,0.5974428129058036,0.8538461538461538,0.8191966365793666,102.13624215126038
Trace,4,100,100,0.8399999737739563,0.8268023723132082,1.0,1.0,0.85999995470047,0.8544241939199922,1.0,1.0,0.8700000047683716,0.8617021276595744,1.0,1.0,0.8799999952316284,0.8708791208791209,1.0,1.0,0.8499999642372131,0.8433541646323601,1.0,1.0,0.8299999833106995,0.824842580052616,1.0,1.0,0.8399999737739563,0.8312516469038207,1.0,1.0,261.34810400009155
TwoLeadECG,2,23,1139,0.9148375988006592,0.9148352135421284,0.8165057067603161,0.815340027437971,0.9148375988006592,0.9144153670131634,0.8577699736611062,0.8567840867723738,0.9429324269294739,0.9429026449028068,0.8533801580333626,0.8533778976575532,0.9323968887329102,0.9323133606694651,0.8647936786654961,0.8647204753466596,0.9402985572814941,0.9402973569640236,0.8867427568042142,0.8867390900662081,0.9315189123153687,0.9314020717899302,0.845478489903424,0.8453747985901882,0.9332748055458069,0.9331704876723159,0.8349429323968394,0.8349261365805245,107.28577208518982
TwoPatterns,4,1000,4000,0.8882500529289246,0.8882548587153087,0.86875,0.8670174617748024,0.8685000538825989,0.8677664666321805,0.8685,0.8675351096268297,0.8225000500679016,0.8223096164103376,0.872,0.871479015052738,0.7932500243186951,0.7921300956330575,0.8675,0.866817629366389,0.7862500548362732,0.7862753708866734,0.8625,0.8614723510059911,0.764750063419342,0.7616095061073394,0.86325,0.8628516183919304,0.7287500500679016,0.7285282827637978,0.871,0.8712704384651215,1989.7181057929993
UMD,3,36,144,0.8333333134651184,0.8361233815399484,0.7569444444444444,0.7574793929947813,0.875,0.8762402955951343,0.7430555555555556,0.743350651718166,0.7430555820465088,0.741751623865445,0.75,0.7372533126725868,0.8125,0.8133191672825819,0.75,0.7497859072707098,0.8611111044883728,0.8622145828028182,0.7569444444444444,0.7547049441786284,0.8055555820465088,0.8049283543204515,0.7430555555555556,0.7415677737986566,0.7777777910232544,0.7790965312184208,0.7083333333333334,0.7081489938632797,92.03797793388367
UWaveGestureLibraryAll,8,896,3582,0.9553321599960327,0.9555275995682213,0.907035175879397,0.9071744907309992,0.9413734674453735,0.9414329215909177,0.9050809603573423,0.9051646420541595,0.9466778039932251,0.9465121444117339,0.9011725293132329,0.9005751711826896,0.9360691905021667,0.9362340001053545,0.9137353433835846,0.9136623788858799,0.9377442598342896,0.9374360099859529,0.9042434394193188,0.9043502307444475,0.9338358044624329,0.9342979578349273,0.9064768285873813,0.9059264307366361,0.9282523393630981,0.9281384301179412,0.9000558347292016,0.899573856562303,3588.5287153720856
UWaveGestureLibraryX,8,896,3582,0.7599106431007385,0.7390820028773591,0.7610273590173088,0.7462027378941691,0.7479061484336853,0.7339539703521986,0.768285873813512,0.7604872758721785,0.733668327331543,0.7142286988723313,0.7666108319374652,0.7556631597105704,0.7375767230987549,0.7219027221524335,0.7646566164154104,0.758248631888662,0.7490228414535522,0.7428929670931748,0.760748185371301,0.7434136965176947,0.750697910785675,0.7277313814953555,0.7674483528754885,0.7611479968828518,0.7392517924308777,0.726717006780139,0.7696817420435511,0.7611858608161145,2844.5019495487213
UWaveGestureLibraryY,8,896,3582,0.6730876564979553,0.6662638643045898,0.6596873255164712,0.656732177305524,0.6728084683418274,0.66627786640907,0.6527079843662759,0.6431658961119743,0.6753210425376892,0.6704228350135202,0.6404243439419319,0.6325365270830097,0.6764377355575562,0.6624316481499375,0.652428810720268,0.6420430508061833,0.6691792011260986,0.6670504993706555,0.6451702959240647,0.6427130336726493,0.6661083102226257,0.6594038140884239,0.6529871580122837,0.6509828611841638,0.6661083102226257,0.6640758519747471,0.6496370742601898,0.6497865782046771,2796.4221217632294
UWaveGestureLibraryZ,8,896,3582,0.6962590217590332,0.6820283752016087,0.6767169179229481,0.6590469126190631,0.6912339329719543,0.6753879650797346,0.6856504745951982,0.6732488292024693,0.6943048238754272,0.6838262171544602,0.6756002233389168,0.6647565543655918,0.6730876564979553,0.6666831452883538,0.6806253489670575,0.6681456986557316,0.6753210425376892,0.6683484380621504,0.6733668341708543,0.6649959945352881,0.6742043495178223,0.6605622215904042,0.675321049692909,0.668356882413054,0.6817420125007629,0.6660969245079804,0.6683417085427136,0.649962948544497,2406.792764186859
Wafer,2,1000,6164,0.9964308738708496,0.9906673934108527,0.996268656716418,0.9962698887703542,0.9939973950386047,0.9843771138980515,0.9939974042829332,0.9939753733497516,0.9938351511955261,0.983858514607358,0.9931862426995457,0.9931772041789697,0.9936729669570923,0.9834004679571567,0.9936729396495781,0.9936916121747558,0.992861807346344,0.9813098590190461,0.994970798182998,0.9949590928898312,0.9925373196601868,0.980538249754827,0.9936729396495781,0.9936497178551436,0.994808554649353,0.9864252995066949,0.9931862426995457,0.9931404134902485,3587.5553319454193
Worms,5,181,77,0.5194805264472961,0.40623224728487883,0.6753246753246753,0.646232339089482,0.4675324559211731,0.22276249630286898,0.7662337662337663,0.7503351217636932,0.4935064911842346,0.3074603174603175,0.6363636363636364,0.5813976830401583,0.4675324559211731,0.33116427432216905,0.6493506493506493,0.5958377841494724,0.4675324559211731,0.21838949171901767,0.6233766233766234,0.5579894229025997,0.4545454680919647,0.18888888888888888,0.6233766233766234,0.5695186645166201,0.4545454680919647,0.1980769230769231,0.6493506493506493,0.5975875165360379,402.5388696193695
WordSynonyms,25,267,638,0.5642632842063904,0.39999664504838356,0.542319749216301,0.49103344601124993,0.5705329179763794,0.3900964934968988,0.5470219435736677,0.5011798656231827,0.5595611333847046,0.38561600943011354,0.5344827586206896,0.4783493250456641,0.5673981308937073,0.384690391304982,0.5470219435736677,0.5113100013713963,0.5485893487930298,0.37752921392923994,0.5376175548589341,0.4704387693074514,0.5532914996147156,0.39970435919461095,0.4952978056426332,0.4278546945739198,0.568965494632721,0.38633258418510785,0.5094043887147336,0.43004332494417796,847.0337464809418
WormsTwoClass,2,181,77,0.6623376607894897,0.6595238095238095,0.7792207792207793,0.7720331757228122,0.6753246784210205,0.6258503401360545,0.7792207792207793,0.7787628102234845,0.6623376607894897,0.6225490196078431,0.7662337662337663,0.7657605552342395,0.649350643157959,0.6239826370048833,0.7532467532467533,0.7514390371533228,0.6363636255264282,0.5545454545454546,0.7922077922077922,0.7815873015873016,0.6233766078948975,0.6063811034725894,0.7402597402597403,0.7231200172376643,0.6623376607894897,0.6524305555555556,0.7792207792207793,0.7776033490319205,637.4883096218109
Yoga,2,300,3000,0.862666666507721,0.8616273341990954,0.7776666666666666,0.7779180545515768,0.8636666536331177,0.8627958624957355,0.784,0.7827694232922632,0.8109999895095825,0.808999824944578,0.7886666666666666,0.7882931523612177,0.8259999752044678,0.824072696846475,0.734,0.7343201485198497,0.8453333377838135,0.8444347886727068,0.7796666666666666,0.7798594191118084,0.8066666722297668,0.8063140721954278,0.7926666666666666,0.7928013299912552,0.8460000157356262,0.8454057396632656,0.7753333333333333,0.7747405109785491,2958.8856451511383
ACSF1,10,100,100,0.75,0.7498179765897494,0.83,0.8294764579432773,0.7199999690055847,0.7129779905909938,0.87,0.8691038424939355,0.7599999904632568,0.7566035276400063,0.87,0.8715995192196564,0.7599999904632568,0.751931669637552,0.82,0.8181758084275246,0.7099999785423279,0.7059740655987795,0.85,0.8479265900937727,0.7099999785423279,0.7031015559219655,0.87,0.8714343830590969,0.6899999976158142,0.6718992050261401,0.84,0.8384168308471713,298.556676864624
Adiac,37,390,391,0.7289002537727356,0.7074674863308892,0.7647058823529411,0.7494398446705721,0.7416879534721375,0.7191555969441393,0.7365728900255755,0.7231904927949275,0.7544757127761841,0.7281993680347755,0.7544757033248082,0.7429590422450649,0.739130437374115,0.7117759408456863,0.731457800511509,0.712232277554027,0.7237851619720459,0.7080254914462348,0.7672634271099744,0.7495231536549866,0.7263426780700684,0.702970071966973,0.7621483375959079,0.7476848659335604,0.7416879534721375,0.7180894860921643,0.7723785166240409,0.7639590134077269,1339.064561367035
BeetleFly,2,20,20,0.949999988079071,0.949874686716792,0.9,0.898989898989899,1.0,1.0,0.9,0.898989898989899,0.9000000357627869,0.898989898989899,0.85,0.849624060150376,0.9000000357627869,0.898989898989899,0.9,0.9,1.0,1.0,0.9,0.9,0.9000000357627869,0.898989898989899,0.85,0.849624060150376,1.0,1.0,0.85,0.849624060150376,49.139543533325195
ArrowHead,3,36,175,0.8171428442001343,0.8175860362881314,0.7828571428571428,0.7834782836211408,0.7885714173316956,0.7873843396950005,0.84,0.8379904306220096,0.8342856764793396,0.8346825819153613,0.7485714285714286,0.7480090702947847,0.8285714387893677,0.8297127799736496,0.7542857142857143,0.7490267183194218,0.822857141494751,0.820571218700715,0.7885714285714286,0.7885853609991541,0.8285714387893677,0.8282435954077746,0.8114285714285714,0.8063761511738501,0.8057142496109009,0.8067086909192173,0.7942857142857143,0.7932771220087275,138.40075492858887
Beef,5,30,30,0.9000000357627869,0.8978621378621379,0.7,0.695022624434389,0.9000000357627869,0.8978621378621379,0.7,0.6822222222222223,0.9000000357627869,0.8997668997668997,0.6,0.5971428571428572,0.9000000357627869,0.8956643356643357,0.6,0.5977777777777779,0.8666667342185974,0.8647619047619048,0.5666666666666667,0.5745299145299146,0.8666667342185974,0.8653679653679653,0.6,0.5587878787878788,0.9000000357627869,0.8978621378621379,0.6,0.5654545454545455,85.09658646583557
BirdChicken,2,20,20,0.8500000238418579,0.8465473145780051,0.8,0.7916666666666667,0.8500000238418579,0.849624060150376,0.75,0.7333333333333333,0.8500000238418579,0.849624060150376,0.8,0.7979797979797979,0.8500000238418579,0.8465473145780051,0.8,0.8,0.9000000357627869,0.898989898989899,0.8,0.7916666666666667,0.8500000238418579,0.849624060150376,0.95,0.949874686716792,0.9000000357627869,0.898989898989899,0.75,0.7333333333333333,52.54120397567749
BME,3,30,150,0.9733333587646484,0.9733986732006534,0.68,0.6634670705293083,0.9733333587646484,0.9734600911071499,0.6866666666666666,0.679671194769373,0.9733333587646484,0.9733333333333333,0.7,0.6873047666981146,0.9399999976158142,0.9405645080572516,0.7,0.6953899420277355,0.9533333778381348,0.9531167963900279,0.7133333333333334,0.7084260495475447,0.9399999976158142,0.9404333273958794,0.7266666666666667,0.7216951608170034,0.9200000166893005,0.9194228291330662,0.72,0.7207089207089206,74.15026545524597
CBF,3,30,900,0.9155555963516235,0.9160961771954246,0.9733333333333334,0.9732697079431528,0.9011111259460449,0.9012750131029273,0.9677777777777777,0.9677315261531401,0.9266666769981384,0.9268188128012428,0.9677777777777777,0.967810731780083,0.9533333778381348,0.9531532420755516,0.9666666666666667,0.9666476884934365,0.9422222375869751,0.9422632769930187,0.9644444444444444,0.9644776904795763,0.8722222447395325,0.8732998035450804,0.96,0.9601226445217174,0.9211111068725586,0.9212757547027209,0.9655555555555555,0.9656097273744333,70.29486894607544
Car,4,60,60,0.8500000238418579,0.8592592592592593,0.5666666666666667,0.5537314319667261,0.8666667342185974,0.874074074074074,0.5666666666666667,0.5423303229337713,0.8833333849906921,0.875054945054945,0.55,0.5165149300017721,0.7500000596046448,0.7612078977932637,0.6,0.536826923076923,0.8000000715255737,0.7974650512581548,0.55,0.48682006354096463,0.8166667222976685,0.8014712156117063,0.5,0.4576476143549314,0.8666667342185974,0.8443011598764354,0.6333333333333333,0.6340488215488216,195.30739974975586
ChlorineConcentration,3,467,3840,0.9161458611488342,0.9037059465027157,0.80625,0.7995686429652608,0.9044271111488342,0.8933477672080388,0.8013020833333333,0.7968756070322166,0.9255208969116211,0.9161526510783924,0.7940104166666667,0.787508446577863,0.91302090883255,0.8998389389820667,0.7989583333333333,0.7932039078542001,0.9125000238418579,0.9033228781887938,0.7986979166666667,0.791411947368125,0.9015625715255737,0.8859496745462222,0.79296875,0.7816742384311218,0.8979167342185974,0.884382745234367,0.7911458333333333,0.7832422605671547,2731.6132872104645
CinCECGTorso,4,40,1380,0.7942029237747192,0.7966142639006563,0.8231884057971014,0.8213542459193788,0.7717391848564148,0.7719445770686865,0.7731884057971015,0.7699063471250653,0.7702898979187012,0.7715290395686871,0.7963768115942029,0.7949701365717117,0.769565224647522,0.7673457356439009,0.7565217391304347,0.7546719435777313,0.6586956977844238,0.6442675810567677,0.7231884057971014,0.7167119964980206,0.5898550748825073,0.5814808049794528,0.686231884057971,0.6755600749245751,0.5666666626930237,0.5669319977535505,0.6355072463768116,0.6283456009841994,734.6814103126526
Coffee,2,28,28,1.0,1.0,0.8571428571428571,0.8571428571428571,1.0,1.0,0.8214285714285714,0.820744389709907,1.0,1.0,0.9285714285714286,0.9285714285714286,1.0,1.0,0.8214285714285714,0.8129251700680271,1.0,1.0,0.7857142857142857,0.7788388082505728,1.0,1.0,0.8214285714285714,0.8129251700680271,1.0,1.0,0.8214285714285714,0.8129251700680271,67.10552191734314
Computers,2,250,250,0.6320000290870667,0.6078832515002728,0.736,0.7275609272835347,0.6640000343322754,0.6522257551669317,0.684,0.6734187680859859,0.64000004529953,0.6340035135662698,0.68,0.6724318658280922,0.6000000238418579,0.5941558441558441,0.684,0.6790653081785535,0.6000000238418579,0.5987416538263997,0.684,0.6734187680859859,0.6320000290870667,0.6242075681328018,0.684,0.6752659530738749,0.6200000047683716,0.5905948871765699,0.68,0.6739697443922796,587.0291216373444
Crop,24,7200,16800,0.7458333373069763,0.7427175902209934,0.7595833333333334,0.7568799590643467,0.744523823261261,0.7422077062352579,0.7568452380952381,0.7515730954549922,0.745119035243988,0.7417360424993756,0.759702380952381,0.7561058867830749,0.7453571557998657,0.7426671156462578,0.7583928571428571,0.7553723328245157,0.737678587436676,0.7362808791384917,0.7592857142857142,0.754453675326881,0.7391071319580078,0.737278415021731,0.7566666666666667,0.7538848613222929,0.7412499785423279,0.7380310121453005,0.7539880952380953,0.751811077597474,14283.504400253296
DistalPhalanxOutlineAgeGroup,3,400,139,0.7553957104682922,0.713067228603593,0.8129496402877698,0.8142665528594073,0.7553957104682922,0.751776830135039,0.7410071942446043,0.7382709751930896,0.7482014298439026,0.719621145608854,0.7769784172661871,0.7747908313188484,0.7338129878044128,0.7141690009337068,0.7841726618705036,0.7832913156654163,0.7625899314880371,0.7519063180827886,0.8057553956834532,0.8053548938855082,0.7266187071800232,0.7298278883048329,0.7841726618705036,0.784301263102742,0.7482014298439026,0.7248770894788595,0.762589928057554,0.7630140659649256,975.3940579891205
DistalPhalanxTW,6,400,139,0.7338129878044128,0.5584048904034072,0.7266187050359713,0.6980064328892164,0.7122302055358887,0.5183592972774852,0.7194244604316546,0.6449531155567886,0.6978417634963989,0.5806356390126172,0.7122302158273381,0.6449478557913558,0.7482014298439026,0.5906032640312558,0.6906474820143885,0.6190838756645345,0.7122302055358887,0.5482526992358453,0.7338129496402878,0.687640880005814,0.6978417634963989,0.6049362402584668,0.7122302158273381,0.6701905470697335,0.7050359845161438,0.5500883635715097,0.7050359712230215,0.631704944574286,611.9561953544617
Earthquakes,2,322,139,0.7482014298439026,0.4279835390946502,0.7769784172661871,0.71977189154169,0.7482014298439026,0.4279835390946502,0.7697841726618705,0.6979626382927272,0.7482014298439026,0.4279835390946502,0.7769784172661871,0.71977189154169,0.7625899314880371,0.5625178826895565,0.7482014388489209,0.6404357995085412,0.7482014298439026,0.4279835390946502,0.7482014388489209,0.6404357995085412,0.7553957104682922,0.4575298438934803,0.7482014388489209,0.6404357995085412,0.7553957104682922,0.4575298438934803,0.7482014388489209,0.6404357995085412,639.9107382297516
ECG5000,5,500,4500,0.9428889155387878,0.5990656565772897,0.9408888888888889,0.9297916278549531,0.9380000233650208,0.5962607103786863,0.9411111111111111,0.9279889692543388,0.9380000233650208,0.5749449978097072,0.94,0.9280944656368489,0.937333345413208,0.5752517086507644,0.9411111111111111,0.9287148803028825,0.9375555515289307,0.5581697338995105,0.9404444444444444,0.927235913122756,0.9377778172492981,0.5412861260047946,0.9397777777777778,0.927293689201062,0.9399999976158142,0.6023522232995284,0.9404444444444444,0.9290396910276991,1152.6933300495148
ECGFiveDays,2,23,861,0.9674796462059021,0.9674796309286138,0.7816492450638792,0.7807403766627244,0.9849012494087219,0.9848992405773717,0.7770034843205574,0.7745709674599585,0.9744483232498169,0.9744480056980057,0.8466898954703833,0.8465864048989953,0.9767711758613586,0.9767658995725572,0.8606271777003485,0.859070373048744,0.9477351903915405,0.947730679103199,0.7642276422764228,0.7636260951187782,0.9547038078308105,0.9547016329751714,0.8304297328687572,0.8300913443090719,0.9558652639389038,0.9558480605425947,0.8048780487804879,0.8046012224650091,107.1168909072876
ECG200,2,100,100,0.9300000071525574,0.9253333333333333,0.89,0.8888682376369067,0.9199999570846558,0.9120879120879121,0.87,0.8675928627538997,0.9399999976158142,0.9331550802139037,0.88,0.8792087912087913,0.9399999976158142,0.9331550802139037,0.89,0.887963191560992,0.9599999785423279,0.956043956043956,0.89,0.8896517087018233,0.9599999785423279,0.956043956043956,0.87,0.8686624626617988,0.9399999976158142,0.9331550802139037,0.86,0.86,289.6832845211029
ElectricDevices,7,8926,7711,0.6022565364837646,0.5086343799214091,0.7196213201919336,0.7020033172759291,0.6083517074584961,0.5335786648049069,0.7101543249902736,0.6911552977238252,0.5999221801757812,0.4889486184964596,0.7135261315004539,0.6925812651793634,0.6102969646453857,0.5254333948161333,0.7117105433795876,0.6959810380403495,0.5988847017288208,0.491353250045803,0.711191803916483,0.6912709028893638,0.610426664352417,0.5261544878569786,0.7215665931785761,0.6997519067846653,0.5939566493034363,0.5073150172938543,0.7139151860977824,0.6993997317975296,14059.381339073181
EOGHorizontalSignal,12,362,362,0.4861878752708435,0.4718979315277523,0.5414364640883977,0.5127973093969433,0.511049747467041,0.4910075970097206,0.4889502762430939,0.45518857248299144,0.49723759293556213,0.48967092658504674,0.5276243093922652,0.5110740942486995,0.4917127192020416,0.49565030106323144,0.5193370165745856,0.4923510723113516,0.44475141167640686,0.42850810509198817,0.4530386740331492,0.4257438720557809,0.4751381278038025,0.46587343334849635,0.3839779005524862,0.3473270579482596,0.450276255607605,0.38986347801540067,0.45027624309392267,0.4252268844576343,953.3630049228668
EthanolLevel,4,504,500,0.796000063419342,0.79885569714838,0.49,0.4553733764720764,0.8180000185966492,0.8190508396680916,0.46,0.447542318253692,0.7940000295639038,0.794269535758599,0.468,0.45387870428422156,0.8020000457763672,0.7996754904413348,0.444,0.41692456305842496,0.8020000457763672,0.8004823470230583,0.41,0.38603612124897924,0.8060000538825989,0.8058093650477939,0.39,0.3611577177041594,0.8060000538825989,0.807644466864082,0.404,0.3834234234234234,2578.3077890872955
FaceAll,14,560,1690,0.8005917072296143,0.8123707164668472,0.9224852071005917,0.9231266358278968,0.7591716051101685,0.7687364626431201,0.908284023668639,0.9091133835963104,0.7804733514785767,0.7694791371415176,0.8869822485207101,0.8890968497924541,0.8005917072296143,0.8072035180523847,0.9053254437869822,0.9068570599021494,0.8059171438217163,0.7916159027885561,0.9088757396449704,0.9099959966457611,0.8165680170059204,0.7894120771377471,0.8319526627218935,0.8332285853044973,0.7988165616989136,0.7704511492563121,0.8656804733727811,0.8679480072648477,1178.3880965709686
FaceFour,4,24,88,0.886363685131073,0.8948148148148148,0.8068181818181818,0.8069346776243328,0.9090909361839294,0.9093769250810207,0.8295454545454546,0.8293671116163459,0.886363685131073,0.8902030578117535,0.7727272727272727,0.7694381060704139,0.9204545617103577,0.9269192907307361,0.7840909090909091,0.7842686988263696,0.875,0.8852861952861952,0.7954545454545454,0.7946667077433376,0.886363685131073,0.889680262348842,0.7159090909090909,0.7087021940535081,0.8522727489471436,0.8574228462776071,0.7840909090909091,0.7831086350764012,78.1262218952179
EOGVerticalSignal,12,362,362,0.34530389308929443,0.29817357259682575,0.4005524861878453,0.3484861066318021,0.3038674294948578,0.2577726663229944,0.43922651933701656,0.3822026130671008,0.2596685290336609,0.19325646222954304,0.40331491712707185,0.33858480850442235,0.3784530460834503,0.3420944125602358,0.4116022099447514,0.36917994470323723,0.3232044279575348,0.24640628483397461,0.3425414364640884,0.26069849511247073,0.3287293016910553,0.2757303443512475,0.3812154696132597,0.33558585435936905,0.35635361075401306,0.30240685663102157,0.3867403314917127,0.3127593022354186,868.344643831253
FacesUCR,14,200,2050,0.7751219272613525,0.7558197171772415,0.8726829268292683,0.873119622453153,0.774146318435669,0.7337082534436842,0.848780487804878,0.8493205211964082,0.7526829242706299,0.6995049554481637,0.8404878048780487,0.8394915789287609,0.7302439212799072,0.6999295359953258,0.8409756097560975,0.8374524448499319,0.7458536624908447,0.70469099431783,0.8551219512195122,0.8511031672958492,0.7531707286834717,0.710948838822402,0.8424390243902439,0.8383408070865445,0.7292683124542236,0.6825286185309459,0.8263414634146341,0.8233319053175026,581.4714632034302
FordA,2,3601,1320,0.8060605525970459,0.8058823529411765,0.9007575757575758,0.9007745026592033,0.8068181276321411,0.8067861347526075,0.8962121212121212,0.8960510426030727,0.8022726774215698,0.8020626801512853,0.9,0.8994583333333334,0.7916666269302368,0.7913791904478107,0.8992424242424243,0.8989833428124284,0.7962120771408081,0.7962120042539051,0.8977272727272727,0.8976929974292286,0.7871211767196655,0.786468140910763,0.8931818181818182,0.8931005262268628,0.7954545021057129,0.7954545454545454,0.9,0.8996466504541581,10517.390416383743
Fish,7,175,175,0.8914285898208618,0.8937738276009368,0.7028571428571428,0.7056006530686711,0.8114285469055176,0.8170798982084829,0.6571428571428571,0.6387611834540464,0.822857141494751,0.8297524062749174,0.6971428571428572,0.69327392555521,0.8114285469055176,0.8123277786933946,0.7028571428571428,0.6963795473625982,0.8342856764793396,0.8301246816213802,0.72,0.718012196331524,0.8057142496109009,0.8108301028001318,0.7485714285714286,0.7517666598411942,0.8285714387893677,0.8378957226821911,0.72,0.7133647886684458,737.8812403678894
FordB,2,3636,810,0.7000000476837158,0.6979332761417472,0.7716049382716049,0.7695297075068659,0.6987654566764832,0.6987360449731417,0.774074074074074,0.7738973269231497,0.6962963342666626,0.6953136468170475,0.7617283950617284,0.7609969253850825,0.7024691700935364,0.702269014838506,0.7691358024691358,0.7689550905771947,0.6975309252738953,0.6975082729848747,0.7592592592592593,0.7581507818340621,0.693827211856842,0.6935581305947608,0.7679012345679013,0.7676293118742213,0.6975309252738953,0.6960255862363693,0.7567901234567901,0.7559749022966248,11354.841699838638
FreezerSmallTrain,2,28,2850,0.8140351176261902,0.8129406205046306,0.7926315789473685,0.7914886879502905,0.8207017779350281,0.8203671695793865,0.8414035087719298,0.8403999096070284,0.8196491599082947,0.8156842870257037,0.8382456140350877,0.8358116647261321,0.7880702018737793,0.7838116169544741,0.8333333333333334,0.8314024266841855,0.8428070545196533,0.8397442334030855,0.8245614035087719,0.8232445016015909,0.7800000309944153,0.7794754379731708,0.8217543859649122,0.8183883603973731,0.7568421363830566,0.7552620123347302,0.8129824561403509,0.8127282645881299,153.0330672264099
FreezerRegularTrain,2,150,2850,0.9887719750404358,0.9887711335392944,0.9873684210526316,0.9873682655372796,0.9845614433288574,0.9845594569263025,0.9908771929824561,0.9908769728392339,0.9712281227111816,0.9712086597255349,0.9905263157894737,0.9905262586379406,0.9877193570137024,0.9877187524123879,0.9849122807017544,0.9849097373259955,0.9789474010467529,0.978945875386177,0.9887719298245614,0.988771924295192,0.9719298481941223,0.9719138355895064,0.9842105263157894,0.9842099645035076,0.9712281227111816,0.9712256754147837,0.992280701754386,0.9922806409308734,959.1362791061401
GunPoint,2,50,150,0.9733333587646484,0.9733333333333334,0.9866666666666667,0.9866666666666667,0.9533333778381348,0.9533312591670741,0.98,0.9800008889283968,0.9600000381469727,0.96,0.9866666666666667,0.9866666666666667,0.9533333778381348,0.9533312591670741,0.98,0.9800008889283968,0.9600000381469727,0.9599928876244666,0.9866666666666667,0.9866666666666667,0.9266666769981384,0.926663407262545,0.9733333333333334,0.9733333333333334,0.9399999976158142,0.9399973332148095,0.9666666666666667,0.9666622220246824,224.69177961349487
GunPointAgeSpan,2,135,316,0.9367088675498962,0.9364543114543115,0.9588607594936709,0.9588586990494948,0.8987342119216919,0.8980439604759024,0.9746835443037974,0.9746835443037974,0.9240506291389465,0.923855421686747,0.9620253164556962,0.9620024759146495,0.9145569801330566,0.9145492603683636,0.9525316455696202,0.9524759332152675,0.8955696225166321,0.8950134404542571,0.9715189873417721,0.9715198430814336,0.892405092716217,0.8914264925825619,0.9556962025316456,0.9556535480411433,0.9367088675498962,0.9364543114543115,0.9683544303797469,0.9683506260636235,708.8791399002075
GunPointMaleVersusFemale,2,135,316,1.0,1.0,0.990506329113924,0.9905047081711914,1.0,1.0,0.9936708860759493,0.9936685968815068,1.0,1.0,0.9936708860759493,0.9936708860759493,0.996835470199585,0.9968282964137668,0.990506329113924,0.990500890255283,1.0,1.0,0.990506329113924,0.9905047081711914,0.9936709403991699,0.9936546184738956,0.9841772151898734,0.9841605035024514,0.996835470199585,0.9968282964137668,0.990506329113924,0.990500890255283,665.7336220741272
